# Derived extract of Supplementary Data 2, scFoundation (Hao et al. 2024, Nature Methods, doi:10.1038/s41592-024-02305-7).
# derived-from-sha256: 681c1d8827145730200755cb558462813e5c2562bac75361c7208ff35ecf6e4b
# Columns kept: Project ID, pubmed ID — every row, values unchanged. The publisher file itself is not committed.
Project ID,pubmed ID
HCA-dcp6600438190759903,33184181
HCA-fetalLiverAndCordBloodCiteSeq,34588693
HCA-FetalLiverHaematopoiesis,31597962
HCA-HealthyAndCirrhoticLiver,34887405
HCA-HepatoblastomaModeling,34497364
HCA-HumanLiverImmuneCells_GSE125188,32351704
HCA-SingleCellLiverLandscape,30348985
GEO-GSE103866,29315726
GEO-GSE103867,29315726
GEO-GSE107747,30068984
GEO-GSE120732,33087715
GEO-GSE128060,33296648
GEO-GSE129933,31156626
GEO-GSE130073,31155493
GEO-GSE133948,33138772
GEO-GSE138709,doi:10.1016/j.jhep.2020.05.039
GEO-GSE141183,33039464
GEO-GSE144024,33340451
GEO-GSE149614,34765603
GEO-GSE150766,34016693
GEO-GSE153643,33654293
GEO-GSE159491,33290741 || 35255944
GEO-GSE162708,34671197
GEO-GSE163558,
GEO-GSE166635,33619115
GEO-GSE168933,35074474
GEO-GSE172400,34270940
GEO-GSE176029,34470851
GEO-GSE186343,
GEO-GSE186975,
GEO-GSE188987,
GEO-GSE76098,27874032
GEO-GSE134355,32214235
GEO-GSE142750,32215369
GEO-GSE150290,35087207
GEO-GSE165404,34686340
GEO-GSE167297,34385296
GEO-GSE183904,34642171
GEO-GSE58557,27452176
GEO-GSE95630,29802404
GEO-GSE134520,31067475 || 33521016
GEO-GSE158631,
GEO-GSE103154,29802404
GEO-GSE119969,30526881
GEO-GSE121380,31730855
GEO-GSE125527,32826341
GEO-GSE140288,
GEO-GSE140312,32054662
GEO-GSE144469,32603654
GEO-GSE146771,32302573
GEO-GSE150115,32428507
GEO-GSE152290,34467254
GEO-GSE154405,
GEO-GSE158636,33837131
GEO-GSE162335,33359089
GEO-GSE163314,34022940
GEO-GSE164985,35158099
GEO-GSE166555,
GEO-GSE182270,35190725
GEO-GSE185224,35176508
GEO-GSE188711,34793335
GEO-GSE196965,
GEO-GSE200997,35538548
GEO-GSE201348,
GEO-GSE152316,29802404
GEO-GSE155900,34047474
GEO-GSE128169,31405848
GEO-GSE123904,32042191
GEO-GSE159354,33294861 || 33705361 || 34349032
GEO-GSE196341,
GEO-GSE168191,
GEO-GSE149655,32891189
GEO-GSE136831,32832599
GEO-GSE163919,
GEO-GSE158127,33257409
GEO-GSE178362,
HCA-1M Immune Cells,
HCA-AdultHemOrgans,
HCA-AneurysmalHumanAorticTissue,33017217
HCA-Asingle-cellatlasofthehealthybreasttissuesrevealsc,
HCA-ColonImmune10XSS2VDJ,
HCA-Covid19PBMC,
HCA-DevelopingMouseKidneyHumanKidneyOrganoids,31118232
HCA-EpithelialDiversityHealthInflammation,30814735
HCA-Fetal/Maternal Interface,
HCA-GSE118184KidneyOrganoid,30449713
HCA-HeartSingleCellsAndNucleiSeq,
HCA-HnsccImmuneLandscape,31924475;34099645
HCA-Human Hematopoietic Profiling,
HCA-Human5Ovary10xChuva,31320652
HCA-HumanAdiposeTissue,31023895
HCA-HumanAdultKidneyLiaoMo,31896769;34722263
HCA-HumanBoneMarrowMyeloma,29898899;31558476
HCA-HumanBrainSubstantiaNigra,32826893;32889528
HCA-HumanColonicMesenchymeIBD,30270042
HCA-HumanFirstTrimesterPlacentaDecidua,
HCA-HumanFoveaRetinaScheetzSheffield,31075224
HCA-HumanSkinBloodHypSensAndNormalKim,
HCA-HumanThymicDevelopment,
HCA-HumanTissueTcellActivation,30523328
HCA-ImmuneCellExhaustianHIV,32954948
HCA-KidneySingleCellAtlas,
HCA-MultipleSclerosisLineageDiversity,
HCA-Oligodendrocyte_MS,30747918
HCA-ProximalEpididymisCFTR,32855272
HCA-PulmonaryFibrosisGSE135893,32832598
HCA-Reprogrammed_Dendritic_Cells,
HCA-SC_analysis_kidney_organoids_fetal_kidney,30573816;30674341
HCA-SingleCellsAlzheimers,33192286
HCA-SkeletalMuscleHumanMouse,31937892
HCA-Substantia_nigra_and_locus_coeruleus,31178122
HCA-TCellsHumanCentralNervousSystem,32948672
HCA-TCellsNeuroinflammation,
HCA-TissueStability,
HCA-WongAdultRetina,
HCA-gompertsLungSarsCov2,33259798;33767183
HCA-hippocampus_development,31942070
HCA-lymphaticEndothelialCells,31402260
HCA-nasalMucosaLifespan,33758880;34354210
HCA-nktpbmcZhou,32528956
HCA-normalBreastAtlas,
HCA-pbmcCov19Flu,32651212
HCA-scRNAseqSystemicComparison,32341560
GEO-GSE158055,33657410
GEO-GSE201333,35549404
AE-E-MTAB-11536,35549406
GEO-GSE130076,
GEO-GSE150068,34969962
GEO-GSE150247,34969962
GEO-GSE162936,33500718
GEO-GSE168775,34383863
GEO-GSE143706,32991815 || 32692579
GEO-GSE156310,33859634
GEO-GSE161934,33283287
GEO-GSE167295,33823868
GEO-GSE137912,31915379
GEO-GSE145926,32398875
GEO-GSE146981,32991815
GEO-GSE137026,
GEO-GSE106850,33238290
GEO-GSE160903,
GEO-GSE149563,33707239
GEO-GSE150708,32839764
GEO-GSE169471,32166015
GEO-GSE136246,33854168
GEO-GSE166037,33705361
GEO-GSE162996,
GEO-GSE128033,31221805
GEO-GSE132914,32991815
GEO-GSE148113,33116299
GEO-GSE134837,33712615
GEO-GSE136719,34605607
GEO-GSE148822,33609158
GEO-GSE162528,35063129
GEO-GSE171555,33870241
GEO-GSE121600,31558434
GEO-GSE165087,34112698
GEO-GSE164378,34062119
GEO-GSE183684,34788628
GEO-GSE156753,34408142
GEO-GSE173205,
GEO-GSE182109,35140215
GEO-GSE200815,35701153
GEO-GSE174691,35055131 || 35338173
GEO-GSE178756,34370798
GEO-GSE192391,35169146
GEO-GSE133344,31395745
GEO-GSE152058,32681824
GEO-GSE161918,33713619
GEO-GSE169446,34017133
GEO-GSE190487,
GEO-GSE122960,30554520
GEO-GSE152805,32616761
GEO-GSE159117,
GEO-GSE160097,
GEO-GSE168710,33879239
GEO-GSE176308,34628351
GEO-GSE181082,34893889
GEO-GSE196150,
GEO-GSE167029,34414385
GEO-GSE186344,35063085
GEO-GSE150660,32675368
GEO-GSE162234,33668876
GEO-GSE158013,33835024
GEO-GSE161529,33950524
GEO-GSE147821,33833454
GEO-GSE168453,33758859
GEO-GSE180544,35005541
GEO-GSE181862,
GEO-GSE182694,
GEO-GSE193102,
GEO-GSE195709,
GEO-GSE164690,34921143
GEO-GSE174376,
GEO-GSE167825,35105810
GEO-GSE181764,35055131
GEO-GSE200972,
GEO-GSE200107,
GEO-GSE198840,
GEO-GSE159812,34153974
GEO-GSE189357,
GEO-GSE132771,32317643
GEO-GSE153358,32470390
GEO-GSE146194,
GEO-GSE184362,34663816
GEO-GSE145154,34601654
GEO-GSE154386,33513191
GEO-GSE163633,
GEO-GSE157827,32989152
GEO-GSE162117,
GEO-GSE138720,34807232
GEO-GSE190666,
GEO-GSE171263,34193871
GEO-GSE168620,34059827
DISCO-E-MTAB-8221,
DISCO-E-MTAB-8495,33602855
DISCO-E-MTAB-10169,34322127
DISCO-HRA000150,
DISCO-E-MTAB-10143,33774059
DISCO-HRA000203,32780218
DISCO-E-MTAB-9492,
DISCO-PRJNA650549,33969321
DISCO-E-MTAB-9139,
DISCO-E-MTAB-8410,32451460
DISCO-E-MTAB-9005,
DISCO-E-MTAB-9489,
DISCO-PRJNA717310,33969321
DISCO-E-MTAB-8901,33290721
DISCO-E-MTAB-8322,
DISCO-E-MTAB-8142,33479125
DISCO-E-MTAB-9652,
DISCO-PRJNA662018,
DISCO-E-MTAB-9467,
GEO-GSE180595,
GEO-GSE183267,34815405
GEO-GSE185275,34782629
GEO-GSE154600,
GEO-GSE196235,
GEO-GSE162454,34367994
GEO-GSE161277,
GEO-GSE184398,34963056
GEO-GSE148218,33218352
GEO-GSE157773,
GEO-GSE163830,
GEO-GSE159556,34081913
GEO-GSE142585,32504559
GEO-GSE139522,32066986
GEO-GSE145122,
GEO-GSE165496,34432868
GEO-GSE165822,34432868
GEO-GSE153056,
GEO-GSE143753,33473154
GEO-GSE161921,34130702 || 35055131
GEO-GSE113675,30559431
GEO-GSE147143,32671793
GEO-GSE189202,35138901
GEO-GSE161801,34845188
GEO-GSE163018,34616060
GEO-GSE139409,31968264
GEO-GSE157525,32912900
GEO-GSE158971,34489415
GEO-GSE155850,32841223
GEO-GSE133028,32859762
GEO-GSE135133,31995762
GEO-GSE140881,32376796
GEO-GSE143783,33257854
GEO-GSE143791,34719426
GEO-GSE144870,32304633
GEO-GSE146276,
GEO-GSE156326,34716325
GEO-GSE159519,33147445
GEO-GSE159977,33762733
GEO-GSE163834,33566112
GEO-GSE164695,
GEO-GSE166355,33846639
GEO-GSE166766,33730024
GEO-GSE179427,35090578
GEO-GSE181316,35278628
GEO-GSE183655,
GEO-GSE185479,34282213
GEO-GSE188280,
GEO-GSE194105,
GEO-GSE199280,
GEO-GSE201048,
GEO-GSE202210,
GEO-GSE203081,
GEO-GSE135356,33060583
GEO-GSE135399,32451506
GEO-GSE140989,32107344
GEO-GSE145326,32573490
GEO-GSE147564,32939092
GEO-GSE148071,33953163
GEO-GSE153760,32344053 || 33717163
GEO-GSE157760,35260865
GEO-GSE163278,31013254
GEO-GSE164715,
GEO-GSE175502,34764255
GEO-GSE175719,35058453
GEO-GSE175930,34389613
GEO-GSE176415,35192691
GEO-GSE179268,34863854
GEO-GSE181984,
GEO-GSE182298,34506752
GEO-GSE183676,
GEO-GSE184117,34990409
GEO-GSE185857,
GEO-GSE189534,34698522
GEO-GSE190510,35250976
GEO-GSE193371,
GEO-GSE198373,
E-MTAB-8322,
GEO-GSE115469,30348985
GEO-GSE132257,32451460
GEO-GSE132465,32451460
GEO-GSE136103,31597160 || 31722201 || 34887405
GEO-GSE125449,31588021
GEO-GSE144735,32451460
HRA000155,
GEO-GSE153855,35482056
GEO-GSE166345,
GEO-GSE168940,
GEO-GSE184291,
GEO-GSE189650,
GEO-GSE195460,
GEO-GSE197268,
GEO-GSE201891,35767654
GEO-GSE205439,
GEO-GSE205704,
GEO-GSE206638,
GEO-GSE206710,32079746
GEO-GSE208034,
GEO-GSE208108,
GEO-GSE134649,
GEO-GSE158067,
GEO-GSE171899,
GEO-GSE174554,
GEO-GSE180139,35760847
GEO-GSE181187,
GEO-GSE184257,
GEO-GSE193138,35732626
GEO-GSE193220,
GEO-GSE193269,
GEO-GSE193337,
GEO-GSE197955,35837599
GEO-GSE200218,35803246
GEO-GSE200342,
GEO-GSE202096,
GEO-GSE203499,
GEO-GSE207985,
GEO-GSE207993,
GEO-GSE208113,
GEO-GSE208317,
GEO-GSE209623,
GEO-GSE161937,
GEO-GSE162798,
GEO-GSE163947,
GEO-GSE164089,34337898
GEO-GSE164157,33997688
GEO-GSE164268,34559998
GEO-GSE166638,33749664
GEO-GSE167747,35032430
GEO-GSE169339,35232997
GEO-GSE169751,34089799
GEO-GSE170673,
GEO-GSE172403,
GEO-GSE173320,34103329
GEO-GSE173647,
GEO-GSE174481,
GEO-GSE175450,35032429
GEO-GSE175480,
GEO-GSE175990,34504848
GEO-GSE180885,34363841
GEO-GSE181297,
GEO-GSE181304,34671548
GEO-GSE181688,35237614
GEO-GSE182224,34624206
GEO-GSE186433,34741068
GEO-GSE186814,
GEO-GSE189916,
GEO-GSE190839,34968416
GEO-GSE191041,35597096
GEO-GSE193710,
GEO-GSE194225,
GEO-GSE198745,35241110
GEO-GSE198891,
GEO-GSE204688,
GEO-GSE205490,
GEO-GSE109037,30404016
GEO-GSE112845,30016977
GEO-GSE123926,30770823
GEO-GSE128518,31257031
GEO-GSE130000,34992217
GEO-GSE130117,32286626
GEO-GSE131086,33326782
GEO-GSE135045,35669791
GEO-GSE136974,
GEO-GSE137101,31784728
GEO-GSE142595,
GEO-GSE143686,32220329 || 33377084
GEO-GSE144945,34663810
GEO-GSE146137,32439865
GEO-GSE147047,32632204
GEO-GSE147794,32351504 || 32706839
GEO-GSE147944,32438399
GEO-GSE148212,32826895
GEO-GSE148996,32908310
GEO-GSE149313,33593977
GEO-GSE150516,33359885
GEO-GSE151569,34939038
GEO-GSE152273,34586841
GEO-GSE152915,33771987
GEO-GSE153098,34807232
GEO-GSE153819,33168808
GEO-GSE153929,32792541
GEO-GSE154109,32692727
GEO-GSE154359,32961143
GEO-GSE156905,33444816
GEO-GSE157157,33059525
GEO-GSE158667,34813505
GEO-GSE158723,34027339
GEO-GSE160625,33441552
GEO-GSE175721,35058453
GEO-GSE176031,35013146
GEO-GSE176067,35296864
GEO-GSE178175,35256815
GEO-GSE178857,34301945
GEO-GSE178910,
GEO-GSE178911,
GEO-GSE179292,34389612
GEO-GSE179361,
GEO-GSE179566,34467251
GEO-GSE179631,35164755
GEO-GSE182020,
GEO-GSE182651,33990344
GEO-GSE184255,
GEO-GSE184409,34686776
GEO-GSE184703,34659195
GEO-GSE185688,35017523
GEO-GSE187777,34857894
GEO-GSE188632,35071234
GEO-GSE190964,35118195
GEO-GSE194214,35088712
GEO-GSE195674,
GEO-GSE195832,35262677
GEO-GSE196005,
GEO-GSE196573,
GEO-GSE198729,
GEO-GSE199071,
GEO-GSE201925,
GEO-GSE202441,
GEO-GSE171314,33936064
GEO-GSE171458,34135910
GEO-GSE186476,35290245
GEO-GSE140393,
GEO-GSE140553,32665975
GEO-GSE142392,
GEO-GSE142489,33458620
GEO-GSE143353,32238801
GEO-GSE146221,32290418
GEO-GSE147482,32843640
GEO-GSE147975,33116299
GEO-GSE148215,33298886
GEO-GSE148586,32619518
GEO-GSE148820,32513233
GEO-GSE149136,33569577
GEO-GSE150311,32939092
GEO-GSE150637,32939092
GEO-GSE150692,32915138
GEO-GSE152981,32731885
GEO-GSE153421,
GEO-GSE153834,
GEO-GSE153892,34919143
GEO-GSE154358,32961143
GEO-GSE154932,33215611
GEO-GSE150672,33053333
GEO-GSE155226,32935097 || 33723017
GEO-GSE155742,35243521
GEO-GSE108041,29451492
GEO-GSE108288,29999500
GEO-GSE108394,30061114
GEO-GSE108571,
GEO-GSE114297,29950394 || 30380031 || 33529174
GEO-GSE119594,30905619
GEO-GSE119861,32051547
GEO-GSE124172,31907413
GEO-GSE129308,
GEO-GSE130105,32051591
GEO-GSE130238,31474560
GEO-GSE130318,31317052
GEO-GSE134432,32753671
GEO-GSE134571,31511693
GEO-GSE135618,31846124
GEO-GSE137429,
GEO-GSE137758,32686664
GEO-GSE139193,31772018
GEO-GSE139535,32846125
GEO-GSE156246,34911733
GEO-GSE156341,33060583
GEO-GSE156920,34021145
GEO-GSE158349,
GEO-GSE158432,33483337
GEO-GSE158937,34428202 || 34553212
GEO-GSE159745,33311516
GEO-GSE161153,33426328
GEO-GSE161470,34088950
GEO-GSE162045,
GEO-GSE163505,34799555
GEO-GSE163686,34824203
GEO-GSE163872,
GEO-GSE165477,34022129
GEO-GSE165944,
GEO-GSE167339,34489407
GEO-GSE168127,34831437
GEO-GSE168664,
GEO-GSE168668,
GEO-GSE169114,34646987
GEO-GSE169285,34952098
GEO-GSE171306,34168986
GEO-GSE173820,34018188
GEO-GSE174125,35417717
HCA-CPmicroEnvironment,
HCA-pulmonaryFibrosisPathobiology,30554520
